#"Step","Potential Energy (kJ/mole)","Kinetic Energy (kJ/mole)","Total Energy (kJ/mole)","Temperature (K)","Box Volume (nm^3)","Density (g/mL)","Speed (ns/day)"
2000,-7929.395695749539,3492.9015359711684,-4436.494159778371,288.43082297535705,12.157950041904758,1.0275979274870253,0
4000,-7981.583445558688,3598.9998013020713,-4382.583644256617,297.1920232755944,12.100335249507355,1.0324907540111978,559
6000,-7867.098080083204,3465.6805303385836,-4401.41754974462,286.18301353212854,12.115837970963936,1.0311696389051448,559
8000,-7597.846838892772,3479.106627793197,-4118.740211099575,287.2916907445553,12.1974291241851,1.024271929629827,559
10000,-7708.489501611082,3453.4942007675822,-4254.9953008435,285.1767117423372,12.34262129408762,1.012222928004505,559
12000,-8015.440327348973,3538.2200620976805,-4477.220265251293,292.1730583782413,11.940035265782189,1.0463523756379525,558
14000,-7921.972908036318,3354.104585286747,-4567.868322749571,276.96948680538486,12.207320283613281,1.023441998349382,558
16000,-7916.0688803866215,3406.8010614617224,-4509.267818924899,281.32096589362186,12.057080129766845,1.0361948441155227,558
18000,-7959.633121326056,3471.3733815115183,-4488.259739814538,286.6531080171795,12.309041048871558,1.0149843692898786,558
20000,-7828.677196883742,3416.81691863465,-4411.8602782490925,282.1480381421352,12.017419917644444,1.0396145221828108,558
22000,-7781.306474487312,3533.469280793357,-4247.837193693955,291.7807565205249,12.178813992602118,1.025837513664397,558
24000,-7686.122609156548,3415.0440459376146,-4271.078563218933,282.0016409059777,12.025407939300504,1.0389239457500556,555
26000,-7700.763302734544,3459.329465699246,-4241.433837035298,285.65856622611983,12.093990817079261,1.0330323922446423,555
28000,-7622.6344635654095,3539.0207801125207,-4083.613683452889,292.2391786950075,12.092531769854016,1.03315703471606,555
30000,-7714.93468551719,3612.063348841856,-4102.871336675334,298.27076246393807,12.228902455910868,1.0216357772576203,555
32000,-7827.757280398146,3430.4492102707427,-4397.308070127403,283.27374210348233,12.043611182482696,1.0373536704442736,555
34000,-7628.562206821385,3483.271259601751,-4145.290947219634,287.6355905560902,12.335799369837822,1.0127827059266101,555
36000,-7819.30156213064,3487.9619925818956,-4331.339569548745,288.02293384644287,12.223395370112206,1.0220960614675296,555
38000,-7876.787018753996,3513.0632420218953,-4363.7237767321,290.0957017040904,12.089508568755301,1.0334153943892208,555
40000,-7989.343732531212,3502.6831075495948,-4486.660624981617,289.23854879050043,12.148402972855159,1.0284054861752632,555
42000,-7954.472304670169,3568.9345908871173,-4385.537713783052,294.70934997558646,12.225130768754411,1.0219509714761974,555
44000,-7974.468160995704,3640.280752974333,-4334.187408021371,300.60085079088987,12.313955673223711,1.0145792787543317,554
46000,-7895.152845900186,3490.3734664437197,-4404.779379456466,288.2220643926052,12.054556765769117,1.0364117493750922,554
48000,-7961.309995461968,3399.0427097365036,-4562.267285725465,280.68031005205523,12.080110593992632,1.0342193615152049,554
50000,-7937.620232841815,3430.1310255710387,-4507.489207270776,283.24746759392383,12.271516556517177,1.01808804217577,555
52000,-7730.693625422311,3436.559726054933,-4294.133899367378,283.7783257793425,12.292415976518056,1.0163571009489236,555
54000,-7869.695243819384,3507.306277616034,-4362.38896620335,289.62031298662384,12.14048566425659,1.0290761515690279,555
56000,-7965.070009089817,3422.895413145699,-4542.174595944118,282.6499776203076,11.967063831223415,1.0439891055778625,555
58000,-7912.1579894059105,3481.726094257341,-4430.431895148569,287.50799654654503,12.10436588951265,1.0321469443002058,555
60000,-8079.698438122767,3562.983514599092,-4516.714923523675,294.21793222055743,12.141416393749433,1.0289972652600845,555
62000,-7884.559950569455,3474.0622413319265,-4410.497709237528,286.8751440645397,12.205758337578482,1.0235729661374504,556
64000,-8035.27516279681,3505.112808744095,-4530.162354052714,289.43918448202993,12.123534656268495,1.0305149958137287,555
66000,-7913.943640155572,3527.519074367808,-4386.424565787764,291.2894105955053,12.217658949516494,1.0225759547860471,555
68000,-7803.046079643274,3418.025397319472,-4385.020682323802,282.247829819061,12.142511567110128,1.0289044565864494,555
70000,-7725.2800969106465,3511.708830684576,-4213.57126622607,289.98385945126785,12.009941778032587,1.0402618510943977,555
72000,-7730.545705110853,3552.1659372579416,-4178.379767852912,293.32465690117743,12.082472777206535,1.03401716651255,556
74000,-7971.202238781392,3500.426850738644,-4470.775388042748,289.0522354913352,12.430755973394827,1.0050462170033383,556
76000,-7670.219936187292,3547.6482715001716,-4122.571664687121,292.95160485862135,12.297651777055593,1.0159243806904588,556
78000,-7679.95038265617,3480.448385894107,-4199.501996762063,287.4024881401572,12.139599172390646,1.0291512996546317,556
80000,-7899.853276152979,3617.1190807634043,-4282.734195389574,298.68824600988336,12.174039559901646,1.0262398281259617,556
82000,-7774.055467748229,3414.216326024371,-4359.839141723858,281.93329087282865,12.13701940586171,1.02937004941413,556
84000,-7788.985871764686,3577.104548245564,-4211.881323519122,295.3839946800829,12.069590198988227,1.0351208333982564,556
86000,-7723.6584151462885,3368.451233139857,-4355.207182006432,278.1541796473088,12.087309970081092,1.0336033655525014,556
88000,-8086.447665847183,3461.215509017756,-4625.2321568294265,285.8143086714544,12.027943272895829,1.0387049541300513,556
90000,-8098.734865832113,3481.1082972927934,-4617.62656853932,287.4569811700504,12.131454342046014,1.0298422524866917,556
92000,-7982.545342621117,3414.758861639193,-4567.786480981924,281.9780914468686,12.222645029152032,1.0221588073411374,556
94000,-7892.494149444508,3345.953988628964,-4546.540160815544,276.2964408355703,12.254606551481723,1.0194928913520702,556
96000,-7964.36104432783,3601.242695374843,-4363.118348952987,297.3772331295207,12.080833042073502,1.034157513976188,556
98000,-7982.1048625481635,3635.641219470567,-4346.463643077596,300.2177353629479,12.208242239792837,1.0233647088709905,556
100000,-7956.102304332671,3574.940686933436,-4381.161617399235,295.2053110577035,12.051063459567235,1.0367121795905616,556
102000,-7978.091200888157,3611.5759158330857,-4366.515285055071,298.23051205824606,12.027204141386308,1.038768787715286,556
104000,-7838.370447471563,3437.3969145547944,-4400.973532916769,283.8474576931722,12.191473302641102,1.0247723105660735,556
106000,-8091.661329856099,3497.664328751841,-4593.997001104258,288.82411669613424,11.934685518483935,1.0468214052396057,556
108000,-8160.7423639801855,3500.3462779432184,-4660.396086036967,289.04558208944144,11.936632166422399,1.0466506876785686,556
110000,-7897.122018212045,3461.657659317449,-4435.464358894596,285.85081979938224,12.015265136555694,1.0398009634878116,556
112000,-7971.2006887978205,3440.89971662162,-4530.300972176201,284.13670606517746,12.027882627081981,1.0387101913866197,556
114000,-7937.5793648600375,3703.807479614365,-4233.771885245673,305.8466516979631,12.066994223957481,1.0353435191630325,556
116000,-7841.610700068355,3484.324032305839,-4357.286667762516,287.7225246120088,12.109215722829257,1.0317335615714907,556
118000,-7869.30695367734,3528.986907541438,-4340.320046135902,291.410618801892,11.993157347416588,1.0417176981542153,556
120000,-7940.637608089703,3539.1333519677023,-4401.504256122,292.2484744602902,12.205127906132068,1.0236258367497468,556
122000,-8014.655478148561,3467.7351593712892,-4546.920318777272,286.35267715897555,11.91363630331286,1.048670947095978,556
124000,-7929.227344628176,3468.8835751613906,-4460.3437694667855,286.4475090653564,12.106813938734966,1.0319382398023011,556
126000,-7888.998470215738,3558.449784243593,-4330.548685972145,293.8435536232457,12.155855907546337,1.027774955591254,556
128000,-7984.0296661814355,3394.3541172843534,-4589.675548897082,280.29314351854634,11.998466864230544,1.0412567211230386,556
130000,-8161.462351190246,3519.617754539869,-4641.844596650377,290.63694897954093,11.895483249207881,1.0502712671537797,556
132000,-8065.74322589839,3677.8257925429184,-4387.917433355471,303.70118057399054,12.023078754121624,1.0391252125225614,556
134000,-7803.8013563985005,3552.822700148516,-4250.978656249985,293.37888993897633,12.251172063176082,1.019778695550638,556
136000,-7877.869375069102,3562.230394541787,-4315.638980527315,294.15574236616544,12.213869578978937,1.0228932104412205,556
138000,-7845.10845416096,3576.7648374626974,-4268.343616698263,295.3559426266062,12.25048681191382,1.0198357385603634,556
140000,-7934.529480206096,3492.602392929699,-4441.927087276397,288.4061208551427,12.21608467626341,1.0227077330126662,556
142000,-7965.826159041273,3639.388446054982,-4326.437712986291,300.52716740289725,11.879925566292465,1.0516466787469223,556
144000,-8060.633212016881,3498.421473586951,-4562.21173842993,288.8866389017141,11.927345715724071,1.0474655940492863,556
146000,-8084.164485206464,3504.1440235765544,-4580.020461629909,289.35918580463164,11.93638459083677,1.0466723965264175,556
148000,-7995.540569951059,3476.2608119886595,-4519.2797579624,287.0566938555546,12.006212823075344,1.0405849412847545,556
150000,-8078.356626349792,3451.4472044037143,-4626.9094219460785,285.00767839290614,12.153162319505768,1.0280027483464234,556
152000,-7935.687787814139,3434.216196048475,-4501.471591765663,283.5848057841554,12.176193317413317,1.0260583040912339,556
154000,-7923.659994479356,3465.055436326218,-4458.604558153138,286.1313955925541,12.139314496213961,1.0291754340369568,556
156000,-7704.660420653876,3623.302596623067,-4081.357824030809,299.19885776057725,12.178407890689924,1.025871721303001,556
158000,-8079.893962941715,3498.384801035785,-4581.509161905929,288.8836106187796,12.045982291446393,1.0371494796587484,556
160000,-7677.749691738587,3512.736863061229,-4165.012828677358,290.0687505429261,12.136011648741864,1.0294555268367198,556
162000,-7815.579024502076,3625.1864429672605,-4190.392581534816,299.35441878794063,12.022256237749522,1.0391963054591167,556
164000,-7797.507698732341,3629.015600850428,-4168.492097881913,299.6706164099379,12.107046298745734,1.0319184347090853,556
166000,-7985.320656572221,3423.405289227977,-4561.915367344244,282.69208129157124,12.18408807198471,1.025393463321955,556
168000,-7684.164538430647,3511.5366483411535,-4172.627890089493,289.9696412734854,12.295230496936592,1.0161244450573683,556
170000,-7999.028358366835,3627.5434216476788,-4371.484936719156,299.54904932462404,12.261423470468923,1.0189260892621568,556
172000,-7828.202776434817,3422.552413454975,-4405.650362979842,282.62165398104753,12.256498867870667,1.0193354888893023,556
174000,-7918.493186674532,3567.4779326142025,-4351.015254060329,294.58906455095484,12.249280618945845,1.019936162310509,556
176000,-7863.539662267867,3589.3025100989867,-4274.23715216888,296.39125702051024,12.24478681831592,1.0203104758724093,556
178000,-7885.201552633458,3600.1254148124312,-4285.076137821026,297.28497225448825,12.13414591032472,1.0296138152518546,556
180000,-7618.061631123361,3628.435383145668,-3989.626247977693,299.6227041890048,12.23950739763753,1.0207505792237697,556
182000,-7755.283152827178,3547.260904143597,-4208.022248683581,292.9196175024649,12.368388530670336,1.0101141498402628,556
184000,-7535.41656987746,3639.4072973789976,-3896.009272498462,300.5287240751492,12.116076076324397,1.0311493743395361,556
186000,-7890.569026392972,3539.757162772662,-4350.81186362031,292.2999864373678,12.025253408101069,1.0389372965010135,556
188000,-7977.313128739974,3543.711127662352,-4433.602001077622,292.6264901579578,12.138075397263297,1.0292804960141342,556
190000,-7710.997475115713,3643.8780474244186,-4067.1194276912947,300.8979019926022,12.29138999215245,1.01644193809884,556
192000,-7832.6580968362105,3508.5582782957486,-4324.099818540462,289.7236985480823,12.266033137727845,1.0185431691949929,556
194000,-8039.41216071439,3530.6245671180345,-4508.787593596355,291.54585064125735,12.257092541479608,1.01928611726415,556
196000,-7764.504893887366,3688.863521031947,-4075.641372855419,304.6126351566872,12.331414481684426,1.0131428380830452,556
198000,-7888.921906945587,3486.4314544268373,-4402.490452518749,287.8965476958135,12.244620070992502,1.0203243704677436,556
200000,-7530.585791817415,3225.0474267122418,-4305.538365105173,266.3124264573737,12.359160570388319,1.010868351001575,556
202000,-7639.923940530105,3481.8786049296696,-4158.0453356004355,287.5205903108636,12.36441149953977,1.0104390545411042,556
204000,-7992.591553707651,3542.066345494894,-4450.525208212757,292.49067016151946,12.093464615845546,1.03307734073017,556
206000,-7940.081926886211,3505.2950775590493,-4434.786849327162,289.45423556313216,12.140062734625436,1.0291120020260414,556
208000,-7839.706576092765,3519.4992933152766,-4320.207282777488,290.62716689202773,12.329288197112454,1.01331756268607,556
210000,-8054.068628110341,3383.9507683561533,-4670.1178597541875,279.43407364149465,11.989047919785534,1.0420747626618554,556
212000,-7966.209245127204,3586.587268756949,-4379.621976370255,296.16704248517465,12.243123217608701,1.0204491160869262,556
214000,-8094.245731721821,3553.6279036994583,-4540.617828022363,293.4453806546375,12.076921930031494,1.0344924259620134,557
216000,-7985.058473262747,3539.468598153173,-4445.589875109574,292.2761578439123,11.992947792337793,1.0417359002875106,557
218000,-8024.41804254739,3496.300015762472,-4528.118026784918,288.71145680169775,12.080471895066127,1.034188430226362,557
220000,-7951.270384965959,3519.099445252234,-4432.170939713726,290.5941489255318,12.045604538807059,1.037182004880049,557
222000,-7849.841206721714,3508.4506896657313,-4341.390517055983,289.71481427900716,12.137751675271442,1.0293079476164786,557
224000,-7982.143034446868,3462.254662513206,-4519.888371933663,285.90011810375694,12.060316634850595,1.035916770995034,557
226000,-7844.804308186824,3504.833844181058,-4339.970464005766,289.4161486255452,12.180650357252677,1.025682857575267,557
228000,-8037.878527448876,3542.641710693039,-4495.236816755838,292.5381816804968,12.278588328139522,1.017501681111021,557
230000,-7930.594904762387,3388.7355237419515,-4541.859381020436,279.82918095255076,12.008441629794117,1.0403918052576089,557
232000,-7997.838212410628,3542.6140728034707,-4455.224139607158,292.5358994463281,12.258235995249922,1.019191037796414,557
234000,-7604.907931482914,3577.944791409688,-4026.963140073226,295.45337883673085,12.276052712378075,1.0177118458407082,557
236000,-7978.693410431661,3468.127490539596,-4510.565919892065,286.3850744082505,12.077580093060979,1.0344360516996363,557
238000,-7803.359526383239,3624.5124448457373,-4178.847081537502,299.29876252884696,12.233242002517597,1.0212733683336739,557
240000,-8068.059132982104,3428.7562986984103,-4639.302834283693,283.1339477597243,12.032719664261272,1.0382926399140988,557
242000,-7863.900668416682,3518.702009682283,-4345.198658734398,290.5613301737461,12.210825854612686,1.0231481813191745,557
244000,-7856.9840647808305,3528.8243262168753,-4328.159738563955,291.3971934405524,12.202113961521183,1.0238786742157762,557
246000,-7847.455748061926,3306.2539855343994,-4541.201762527527,273.0181621761904,12.235264932395388,1.021104515070454,557
248000,-7987.7185968882695,3416.0104825872368,-4571.708114301033,282.0814456514975,12.103037522983017,1.0322602273873538,557
250000,-7935.568379185701,3567.9317336585777,-4367.636645527124,294.6265377540636,12.123408814651942,1.0305256926131965,557
252000,-7747.613827251407,3686.85297650488,-4060.760850746527,304.446611864419,12.340046159213587,1.0124341598369122,557
254000,-7764.50423278418,3522.4557486940193,-4242.048484090161,290.8712999857319,12.299909864978945,1.0157378714720775,557
256000,-7722.838040425151,3457.4381117460243,-4265.399928679127,285.5023852483146,12.279289785866995,1.0174435560541668,557
258000,-7872.662761660511,3455.2136459710864,-4417.449115689425,285.31869713471093,11.991850272244568,1.0418312422119378,557
260000,-7832.913632482188,3403.7747789231717,-4429.138853559017,281.0710667326633,12.250672108361547,1.0198203131259098,557
262000,-7959.189564848231,3528.4876210242137,-4430.701943824018,291.36938957754074,12.147074397984968,1.0285179670608275,557
264000,-7883.324823812232,3573.144216818835,-4310.180606993397,295.05696523453366,12.292217419799892,1.0163735182090123,557
266000,-7962.214913563119,3373.1037671254444,-4589.1111464376745,278.5383686067066,12.190370144015738,1.024865046586398,557
268000,-7841.346602554157,3380.8521532418076,-4460.494449312349,279.178201525344,12.238234859837323,1.0208567173810712,557
270000,-7958.781047795725,3443.541471142121,-4515.239576653604,284.35485233199887,12.208440903532386,1.0233480560107606,557
272000,-7835.607093595943,3369.120350020108,-4466.486743575835,278.2094328316457,12.168870253068798,1.026675772338148,557
274000,-8108.814704470671,3457.8075366232233,-4651.007167847448,285.5328909812306,12.031978150277684,1.0383566284371772,557
276000,-7989.211091793084,3469.100967154673,-4520.110124638411,286.46546048794454,12.044831349027254,1.0372485843532466,557
278000,-8103.358013119563,3334.351028998397,-4769.006984121166,275.3383115666146,12.132906472693419,1.029718995499572,557
280000,-7701.51573000761,3584.432752501498,-4117.082977506112,295.9891305428328,12.04553757974742,1.0371877703953911,557
282000,-8013.081895040697,3664.399042456691,-4348.6828525840065,302.5924494696715,12.026657314853434,1.0388160183230746,557
284000,-8014.834805238104,3425.3231577409406,-4589.511647497164,282.8504517431445,12.359409105501127,1.0108480234699342,557
286000,-8004.424989767169,3397.02205337999,-4607.402936387179,280.513451762505,12.175711314908282,1.0260989228822097,557
288000,-8104.782779812827,3389.6864814583123,-4715.096298354515,279.9077075053093,12.206352773371531,1.023523119273349,557
290000,-8119.454317155702,3478.64606919331,-4640.808247962392,287.25365952763553,12.065026865591305,1.0355123452880781,557
292000,-8054.766211802707,3561.582804578019,-4493.183407224688,294.1022667945592,12.201197248983982,1.0239556012908881,557
294000,-7904.994505511655,3554.4559494930763,-4350.538556018579,293.51375759777636,12.265903373791357,1.0185539446077034,557
296000,-7954.778516558872,3601.2193945191375,-4353.559122039735,297.37530903148416,12.174995811102404,1.0261592249715017,557
298000,-8046.893061412353,3571.976183146453,-4474.9168782659,294.9605133563691,12.010017580157594,1.0402552854038525,557
300000,-7780.813480814613,3503.1642498529745,-4277.649230961639,289.2782797331287,12.133117858235824,1.0297010555346817,557
302000,-7833.114068567753,3552.6743586776192,-4280.439709890134,293.3666404518117,11.996142959454307,1.041458434413359,557
304000,-8028.168420567832,3428.1849314831798,-4599.983489084652,283.0867663793124,12.08969683624408,1.033399301469456,557
306000,-8201.780795480416,3639.453093556521,-4562.327701923895,300.5325057532287,11.895595616103895,1.050261346194286,557
308000,-7899.341344766115,3624.287303194484,-4275.054041571631,299.28017116831523,12.25238486418249,1.0196777528654393,557
310000,-7814.077709906618,3487.7683323125166,-4326.3093775941015,288.0069421013852,12.245528063167432,1.0202487145597667,557
312000,-7856.572034139521,3579.120436965605,-4277.451597173916,295.55045927593824,12.288915712803497,1.0166465909222153,557
314000,-7884.434027833035,3427.082007917402,-4457.352019915633,282.99569105168575,12.451183805470482,1.0033973042838753,557
316000,-7792.2378478500905,3470.041291374785,-4322.196556475305,286.5431089661159,12.184312554362897,1.0253745715902962,557
318000,-7684.2788860772125,3520.2255162087063,-4164.053369868507,290.6871356786249,12.249824734303143,1.0198908585660544,557
320000,-7926.089163359284,3552.655046343927,-4373.434117015357,293.3650457110946,12.018795660756437,1.039495521697372,557
322000,-7887.93564580458,3404.6515527925153,-4483.284093012066,281.14346745913485,12.189352454268828,1.0249506126288754,557
324000,-7746.0996075820585,3713.1494814599837,-4032.950126122075,306.61807947879805,12.159059221325153,1.027504187465461,557
326000,-7887.2936625253205,3590.337387564944,-4296.9562749603765,296.4767133541946,12.044866173045524,1.0372455854686484,557
328000,-7846.044549661325,3451.711699264647,-4394.332850396678,285.02951939518636,12.08763468611964,1.0335755993601066,557
330000,-7651.4220141866535,3653.2218726343626,-3998.200141552291,301.6694803400842,11.930963149264697,1.0471480055088507,557
332000,-7768.205710339622,3484.9793610998827,-4283.22634923974,287.7766392274478,12.341044492542176,1.012352258603562,557
334000,-7706.781980745029,3350.654873430316,-4356.127107314713,276.6846224255759,12.499235894322139,0.999539841569625,557
336000,-7909.7592549758265,3570.561202064523,-4339.198052911303,294.8436694792221,12.185091119347218,1.0253090554009272,557
338000,-7942.219910642205,3612.510909075257,-4329.709001566947,298.30772032407856,11.960470289677072,1.044564633577585,557
340000,-8040.146252631312,3399.4961503316417,-4640.65010229967,280.717753490606,12.094147874737494,1.0330189770251421,557
342000,-7960.492945586302,3439.2801570441816,-4521.2127885421205,284.0029688564507,12.202156253924278,1.0238751254749874,557
344000,-8037.116165945496,3495.155583049974,-4541.960582895521,288.61695380305713,12.220065652217775,1.022374561734431,557
346000,-7929.224613221973,3480.110509823727,-4449.114103398246,287.3745875904166,12.402066118644246,1.0073712029941886,557
348000,-7851.113925221478,3427.8166830938717,-4423.297242127606,283.05635779639255,12.346882575345543,1.011873579368068,557
350000,-7682.144398117525,3640.716870065383,-4041.4275280521424,300.6368637188782,12.414703434507699,1.006345768262611,557
352000,-7851.176777578934,3636.6326703297887,-4214.544107249145,300.2996056888989,12.443044311024677,1.0040536667126354,557
354000,-7899.147676159715,3575.3117930018557,-4323.835883157859,295.2359556171402,12.225681794274362,1.0219049109721783,557
356000,-8031.814783995083,3480.7994780599515,-4551.015305935132,287.43148002592653,12.209944592438802,1.0232220278287671,557
358000,-7943.0190537296,3339.277161556823,-4603.741892172777,275.7450932789761,12.249484868266785,1.0199191557775167,557
360000,-7926.650641634929,3538.4067780124205,-4388.243863622509,292.18847668431044,12.28498454121933,1.0169719158891264,557
362000,-7706.805256943582,3789.3580513530237,-3917.4472055905585,312.9110998533082,12.344157422501432,1.0120969652232799,557
364000,-7805.268917906869,3606.1317394964763,-4199.137178410393,297.78095221665876,12.24888341579888,1.0199692364969162,557
366000,-7871.565679287814,3478.2211102067695,-4393.344569081045,287.2185679944342,12.182751384870075,1.0255059691251642,557
368000,-7961.858756445989,3698.2328561401964,-4263.625900305792,305.3863200167309,12.415467296723707,1.006283852791349,557
370000,-7864.55921411411,3623.266008230983,-4241.293205883127,299.19583642718686,12.25009264294151,1.0198685536268866,557
372000,-7833.776015336101,3402.9915713749833,-4430.784443961118,281.006392365133,12.096952655391641,1.0327794628495752,557
374000,-7918.346242537824,3521.5279293417825,-4396.818313196041,290.79468411305925,12.093115271030573,1.0331071841745068,557
376000,-7710.046271892774,3414.064106770429,-4295.982165122345,281.9207211727569,12.35217425247201,1.0114400922616382,557
378000,-7788.909567425828,3472.4426314415796,-4316.466935984248,286.74140270116004,12.153525931264445,1.027971992342827,557
380000,-7968.078594540508,3438.7790036933657,-4529.299590847142,283.96158547592194,12.372629121866272,1.009767943619377,557
382000,-8012.740719895024,3569.9602565456885,-4442.780463349336,294.7940456324644,12.038292005024777,1.0378120301731633,557
384000,-7856.556642304553,3512.185413362281,-4344.371228942272,290.02321387695974,12.279589885959497,1.0174186908177767,557
386000,-7791.029872115876,3587.556991750065,-4203.472880365811,296.24711860472235,12.134046366652223,1.0296222618604571,557
388000,-7933.3925204025,3511.182539854277,-4422.209980548223,289.94040031113923,11.933821374646788,1.0468972069662723,557
390000,-8136.330803027464,3602.5654329246436,-4533.76537010282,297.4864598787263,12.0420751412334,1.0374859913282761,557
392000,-7850.418545998487,3467.920797772318,-4382.497748226169,286.36800648796844,12.279587647775918,1.0174188762612846,557
394000,-7751.748004500638,3501.642141217121,-4250.105863283517,289.1525896608562,12.184291006296451,1.0253763849776643,557
396000,-7933.858213444255,3380.1969588784405,-4553.6612545658145,279.1240980106905,12.045100231550396,1.0372254298745682,557
398000,-7884.017478417096,3596.930244492142,-4287.0872339249545,297.02112696840254,12.192386613404253,1.024695546630456,557
400000,-7936.78574076615,3609.238704065868,-4327.547036700282,298.03751379976563,12.074506236715834,1.0346993923082564,557
402000,-7912.720386734654,3512.994388487884,-4399.72599824677,290.09001603523456,12.144087458922394,1.0287709395878095,557
404000,-7930.795933830261,3551.0326053493545,-4379.763328480906,293.23107056565334,12.326657457225647,1.013533823658634,557
406000,-7903.217917398142,3598.769022476431,-4304.448894921711,297.17296641815966,12.159253882096873,1.0274877378740621,557
408000,-7779.375012583623,3672.0685580727677,-4107.3064545108555,303.22576955561897,12.263734309670296,1.0187340943696621,557
410000,-7956.48225070005,3463.476887322032,-4493.005363378018,286.00104488449784,12.09610860419059,1.0328515288978033,557
412000,-7896.521479963034,3413.997491465566,-4482.523988497468,281.9152203285429,12.436482325932017,1.0045834455536713,557
414000,-7765.153963200923,3596.0854571908085,-4169.068506010114,296.951367573798,12.461072269506568,1.0026010599525108,557
416000,-7686.437722294941,3486.504133372572,-4199.9335889223685,287.90254925294744,12.317520185738736,1.0142856741584332,557
418000,-7813.552170983006,3595.5619724505823,-4217.990198532424,296.908140150155,12.324541363720561,1.013707844928727,557
420000,-7684.170101048585,3603.0351901898694,-4081.1349108587156,297.525250687231,12.186696009078018,1.025174030454651,557
422000,-7649.349254514906,3668.894463636635,-3980.4547908782706,302.9636646376913,12.14290824777658,1.0288708446627466,557
424000,-7788.203155349489,3699.900599536339,-4088.30255581315,305.524036066069,12.229981162431539,1.0215456671290732,557
426000,-7802.999761405343,3485.6239043377323,-4317.375857067611,287.82986321175474,12.330202676150314,1.0132424092036731,557
428000,-7773.924615037424,3538.631337312261,-4235.293277725163,292.20701995642764,12.37634918467714,1.0094644292211798,557
430000,-7924.021871702382,3465.7826309765233,-4458.2392407258585,286.1914446232212,12.034471932473975,1.0381414602696062,557
432000,-7767.010013536492,3532.290940882196,-4234.719072654296,291.68345359147844,12.009324847985704,1.040315290301072,557
434000,-8051.857415097184,3694.8666140799987,-4356.990801017185,305.1083482623719,12.214483655902015,1.022841785007858,557
436000,-7967.56222709037,3719.536509148834,-4248.025717941536,307.14549647973257,12.072208498729088,1.034896329604263,557
438000,-7732.979161288997,3524.1481935249803,-4208.830967764016,291.0110557877227,12.197249701288861,1.024286996783542,557
440000,-8230.566524333932,3375.0720548605314,-4855.4944694734,278.70090249019484,12.273918240208983,1.0178888290638801,557
442000,-7868.301227046453,3529.8528027812345,-4338.448424265219,291.48212121158,12.316595640780958,1.0143618114883528,557
444000,-7993.110193516797,3447.5445647841925,-4545.565628732605,284.68541292231026,12.045619062256122,1.0371807543457312,557
446000,-7844.306555002273,3498.4399610525998,-4345.866593949673,288.88816552789496,12.280412213949656,1.0173505618451824,557
448000,-7984.395222934312,3417.505949906659,-4566.889273027653,282.204935782906,12.100965894283696,1.0324369455048086,557
450000,-7933.210725724071,3489.9546867201134,-4443.256039003958,288.18748311996376,12.222082783591405,1.0222058291345468,557
452000,-7999.429712988203,3516.63043104002,-4482.799281948183,290.3902669111569,12.193355882626065,1.0246140919542668,557
454000,-7771.533948750031,3374.24182773574,-4397.292121014291,278.6323454208375,12.246506442142646,1.020167206425465,557
456000,-8054.054284926693,3427.2244565625706,-4626.8298283641225,283.00745393121,11.987854503607643,1.0421785034004472,557
458000,-7732.167261436669,3497.139380871712,-4235.027880564957,288.7807684518378,12.144655955410272,1.0287227823844982,558
460000,-7871.732416773331,3717.5696817026997,-4154.162735070631,306.983083181477,12.229504686447966,1.0215854677578793,558
462000,-7736.101097796767,3700.5949786467054,-4035.5061191500617,305.5813753114492,12.092117475355003,1.0331924322613593,558
464000,-7921.666611623092,3568.820292961956,-4352.846318661135,294.699911677862,11.972735006222514,1.043494594932483,557
466000,-7814.233664415908,3552.0436141471237,-4262.190050268784,293.3145559134574,12.3389730392929,1.0125222111894716,557
468000,-8132.718204304547,3453.961448547989,-4678.756755756558,285.2152953269153,12.086455383023196,1.0336764476953801,557
470000,-7846.322040625266,3481.4863874934704,-4364.835653131795,287.48820245316335,12.30523905856296,1.015297972359031,557
472000,-7959.326184493228,3611.696922425277,-4347.629262067951,298.24050433275244,12.076239580567218,1.0345508783757753,557
474000,-7585.533420792955,3548.016461678279,-4037.5169591146764,292.98200863467673,12.268587631518972,1.0183310940743802,558
476000,-7831.6837348477275,3527.8018047452533,-4303.881930102474,291.31275741894325,12.260946638086637,1.0189657156441043,558
478000,-8213.0863221693,3712.5946436355343,-4500.4916785337655,306.572263034024,11.915510917889664,1.0485059643388606,558
480000,-8014.157612867915,3601.3072481873605,-4412.850364680555,297.38256366078474,12.265214031480001,1.0186111904355066,558
482000,-8029.1981081072445,3481.9688616886224,-4547.229246418622,287.52804337846254,12.168912114433443,1.0266722405475925,558
484000,-8057.66494166058,3476.613599502087,-4581.051342158493,287.08582573682446,12.075849076900582,1.0345843332416615,557
486000,-7996.067131480086,3477.3964825714365,-4518.670648908649,287.15047331009856,12.17692344099772,1.0259967820351563,558
488000,-8182.388794245213,3534.4901241102534,-4647.8986701349595,291.86505396635584,12.145569737026934,1.0286453856062874,558
490000,-8113.367073246365,3677.5115507324995,-4435.855522513866,303.6752316535704,12.177328481351006,1.0259626554942076,558
492000,-8017.45669546588,3654.8421885972825,-4362.614506868598,301.8032800083119,11.988543669552822,1.0421185933769164,558
494000,-7874.077705874894,3448.3987693266213,-4425.678936548273,284.7559499576732,12.179068939734087,1.025816039581832,558
496000,-8172.06717520149,3511.24075678255,-4660.826418418939,289.9452076486378,12.076555826842673,1.0345237868054018,558
498000,-7963.070817620013,3583.074815374373,-4379.99600224564,295.87699714339635,12.098693828405157,1.0326308312902408,558
500000,-7818.619613174786,3522.592436433395,-4296.027176741391,290.8825871510736,12.170132895511395,1.0265692554729609,558
502000,-7753.727757010085,3632.3889394784646,-4121.33881753162,299.94917417248547,12.160081346810127,1.0274178197688995,558
504000,-7939.390100749515,3626.7242788692497,-4312.665821880266,299.48140755938005,11.920183058676676,1.048095000223855,558
506000,-7744.52903676877,3478.26957117102,-4266.25946559775,287.2225697206944,12.11818891254969,1.0309695908943763,558
508000,-7919.297447126693,3621.392622737877,-4297.904824388816,299.041139218015,12.133954369161643,1.0296300682738864,558
510000,-7810.557651169642,3541.25734342614,-4269.300307743502,292.42386577837937,12.051909735409112,1.0366393824578393,558
512000,-8103.338530192632,3557.4805965351393,-4545.857933657493,293.7635217055154,11.949559895259531,1.0455183600952844,558
514000,-8100.2881761218305,3450.555163704138,-4649.733012417692,284.9340169883528,12.042769224971178,1.0374261959322753,558
516000,-7954.080907730007,3660.132440424691,-4293.948467305316,302.240129336188,12.173208013406063,1.0263099301181207,558
518000,-8079.925940167261,3384.823285017354,-4695.102655149907,279.5061228235452,12.136122471006317,1.029446126256517,558
520000,-8104.5306682447845,3557.0618321263355,-4547.468836118449,293.7289416975134,12.175218127493586,1.026140487564641,558
522000,-7931.7945917216275,3499.324065581708,-4432.4705261399195,288.9611715929961,12.106855330467948,1.0319347117422963,558
524000,-8103.769416158233,3553.3460070692004,-4550.423409089033,293.42210267894257,12.08635591511101,1.0336849546133338,558
526000,-7927.2593380897015,3480.8587906658386,-4446.400547423863,287.436377840409,12.148657182751203,1.02838396685442,558
528000,-7893.385098075974,3597.475925308914,-4295.90917276706,297.0661872615264,12.139865307895013,1.0291287381440006,558
530000,-8076.201435883835,3406.7463510777116,-4669.4550848061235,281.31644811351185,12.142075017551866,1.0289414492574194,558
532000,-8056.790058519429,3498.7262160848018,-4558.063842434627,288.91180340421886,12.076926110078846,1.0344920679050638,558
534000,-8074.204840984603,3511.7066234355834,-4562.4982175490195,289.9836771848522,12.126433913420971,1.0302686143965967,558
536000,-7904.636141723604,3438.0134801144436,-4466.622661609161,283.8983713848284,12.218106490206326,1.0225384985444783,558
538000,-8027.730556831506,3532.720105314531,-4495.010451516975,291.71889239475854,12.238742774867058,1.0208143512263521,558
540000,-8055.981557952196,3521.410970141139,-4534.5705878110575,290.78502605709957,12.217378817321027,1.0225994014231312,558
542000,-8096.139878640068,3377.034261659527,-4719.105616980541,278.8629342325884,12.128846739763985,1.0300636600999076,558
544000,-7994.27477211396,3395.780879512281,-4598.493892601679,280.41096023893004,12.020489507897803,1.0393490429273742,558
546000,-8170.452967838573,3382.7338720754115,-4787.719095763162,279.33358687079254,12.063936688125338,1.0356059210630302,558
548000,-8097.752882511049,3328.620760548896,-4769.132121962153,274.8651273019744,12.17004133567802,1.0265769787425363,558
550000,-8193.29387867001,3563.662483649191,-4629.63139502082,294.2739989604521,12.146966067049393,1.0285271397474893,558
552000,-8109.824393214876,3446.2499134039203,-4663.574479810955,284.57850542456595,12.26390385584335,1.0187200105616765,558
554000,-8347.99072483863,3566.60790230962,-4781.38282252901,294.51722068299006,12.279052444930842,1.017463222148693,558
556000,-7968.940872946085,3420.7683787205797,-4548.172494225505,282.4743350253429,12.174796661133485,1.0261760104327664,558
558000,-8102.326653140757,3520.744829102575,-4581.581824038182,290.73001860670564,12.36040060656582,1.0107669373527919,558
560000,-7874.454132194529,3521.1521072607397,-4353.30202493379,290.7636501228333,12.23243394931233,1.0213408318672728,558
562000,-7950.409758339505,3523.977631601995,-4426.43212673751,290.99697141823555,12.567284658410127,0.994127578481433,558
564000,-7965.223077930699,3615.5433299969063,-4349.679747933793,298.5581263698922,12.338352319709912,1.0125731493008507,558
566000,-7781.244898966339,3585.290549833916,-4195.954349132423,296.0599642574358,12.262598772838054,1.0188284308237734,558
568000,-7955.1951567022625,3572.2744979862664,-4382.920658715996,294.9851470867698,11.993846392084617,1.0416578516294193,558
570000,-8001.557703241808,3477.8393605431506,-4523.718342698658,287.1870445264766,12.19687545622357,1.0243184256814892,558
572000,-8009.284736843212,3620.8064612921735,-4388.478275551039,298.9927361850524,12.169277969670821,1.026641374836643,558
574000,-7883.357619985472,3322.1796331580126,-4561.17798682746,274.3332429487771,12.223591327156809,1.0220796761910473,558
576000,-8026.153864116364,3521.1410242560414,-4505.012839860323,290.7627349295096,12.201535350745344,1.0239272277147438,558
578000,-7982.826669656599,3756.2487136249883,-4226.5779560316105,310.177053837204,12.21234568084331,1.0230208505438734,558
580000,-8083.427351765655,3713.5153174832753,-4369.912034282379,306.6482888575009,12.356368551963172,1.0110967646369828,558
582000,-7825.717246852015,3426.7835204372614,-4398.933726414753,282.9710430652887,12.180515905452232,1.0256941793376584,558
584000,-8035.440595772481,3511.550000126487,-4523.890595645995,289.9707438142791,12.10706671468656,1.0319166946025675,558
586000,-7842.606366213746,3656.8865831535113,-4185.7197830602345,301.97209851014105,12.092915517831514,1.033124249245763,558
588000,-7956.892056940793,3522.848304177051,-4434.043752763742,290.90371575808285,12.075619271351899,1.0346040219396089,558
590000,-8285.34043077944,3440.3423475760737,-4844.998083203367,284.09068060157585,12.185165904107,1.025302762709304,558
592000,-8067.436907185518,3508.966020835761,-4558.470886349757,289.75736841113655,12.12607736548358,1.0302989077996776,558
594000,-8034.118829421481,3544.51985923337,-4489.598970188111,292.69327220440044,12.121816684197084,1.0306610461977677,558
596000,-7751.7434046455455,3551.306050525684,-4200.437354119862,293.2536506517036,12.496475264944955,0.9997606525576678,558
598000,-7821.413431288893,3736.694941610399,-4084.718489678494,308.56237604100545,12.26604772583786,1.0185419578333432,558
600000,-8171.156742346488,3510.092095689888,-4661.0646466565995,289.8503554860835,12.219277653361264,1.0224404927991328,558
602000,-7981.267373787996,3607.8516507340973,-4373.415723053899,297.9229760923973,12.207628403184676,1.023416166754623,558
604000,-7766.461136655795,3373.9088229604913,-4392.552313695303,278.6048471245384,12.059606373363673,1.0359777822555443,558
606000,-7811.780253564037,3501.973760182138,-4309.806493381899,289.1799735220985,12.285023574204162,1.0169686846825172,558
608000,-7958.90412433559,3495.8443531265166,-4463.059771209073,288.67382987527736,12.340571796217349,1.0123910359957264,558
610000,-7910.556371369399,3541.3990088479973,-4369.157362521402,292.4355639822345,12.249585477062242,1.0199107789358741,558
612000,-8006.506944463472,3548.5420249467675,-4457.964919516704,293.02540769545607,12.069274457882663,1.035147912921344,558
614000,-7901.397390980681,3537.997212595463,-4363.400178385218,292.1546562948553,12.497438576097489,0.9996835903196252,558
616000,-7978.59611580272,3522.7073731221935,-4455.888742680527,290.89207819552445,12.188245425765214,1.0250437063846494,558
618000,-7935.711352448692,3514.4969990194004,-4421.214353429292,290.21409602654074,12.19446353085632,1.0245210241466691,558
620000,-8084.693918150864,3587.276900835089,-4497.417017315775,296.22398973828206,12.236706945292491,1.0209841848307413,558
622000,-7860.444142871522,3440.879349653297,-4419.564793218225,284.1350242366534,12.367549037095463,1.0101827151102396,558
624000,-8080.058000151024,3632.3804197253708,-4447.677580425654,299.9484706429496,12.035988048187123,1.0380106905667714,558
626000,-8273.798027360259,3484.4134531826217,-4789.384574177637,287.7299086555657,11.987148339075913,1.0422398982771945,558
628000,-8035.616477830845,3585.3828829373583,-4450.233594893487,296.06758878184326,12.167722335965639,1.0267726301268059,558
630000,-7842.700561399368,3571.7869647562493,-4270.913596643119,294.9448884051798,12.036543123516111,1.0379628218290744,558
632000,-8044.478357875414,3500.83009056177,-4543.648267313644,289.085533536769,12.157900511248695,1.0276021138676814,558
634000,-8023.58607419928,3356.2806819833354,-4667.305392215945,277.1491807803244,12.136800213763472,1.0293886399632879,558
636000,-7838.000824271192,3474.286018533011,-4363.714805738181,286.89362275384923,12.235702424170517,1.0210680051250987,558
638000,-8212.490960772804,3593.642386560703,-4618.848574212101,296.74962788398096,12.016803534923994,1.0396678475472092,558
640000,-8211.998169494254,3514.952003231148,-4697.046166263106,290.2516685827379,12.219414351797345,1.0224290547700812,558
642000,-8109.7280168302095,3249.724676490809,-4860.003340339401,268.35018199932074,12.195566200299144,1.0244283914629295,558
644000,-7996.256004786075,3627.989515372919,-4368.266489413156,299.5858860859728,12.101823299640701,1.0323637980999978,558
646000,-7952.245520500233,3435.6706730206247,-4516.574847479609,283.7049110850794,12.134553607375565,1.0295792222598443,558
648000,-8001.230512830356,3520.8823999137558,-4480.3481129166,290.74137869283396,12.188912495910069,1.0249876081844258,558
650000,-7959.36351453932,3506.473152376708,-4452.890362162612,289.5515166017428,12.149139041678351,1.0283431791086162,558
652000,-8114.753673408122,3536.6507984263953,-4578.102874981727,292.04347441845516,11.992142256936214,1.0418058757038122,558
654000,-7833.898381630526,3671.4969799945175,-4162.401401636009,303.1785707629228,12.254631906497124,1.019490782006138,558
656000,-7935.711508142325,3491.6883371506615,-4444.023170991664,288.3306415271748,12.048631792565955,1.03692140988661,558
658000,-7966.188297652494,3591.8737296873173,-4374.314567965177,296.60357877486695,12.253502943387044,1.0195847116758225,558
660000,-7909.46866573939,3585.3683452047185,-4324.1003205346715,296.06638830993006,12.322546650535639,1.0138719389639361,558
662000,-7849.259325492065,3623.5833968707966,-4225.675928621268,299.22204520107914,12.20505582888252,1.023631881796645,558
664000,-7905.675727899521,3568.7216949427984,-4336.954032956723,294.69176982000647,12.073613796149221,1.0347758737766497,558
666000,-7965.9642063566425,3446.7011016858296,-4519.263104670813,284.6157628754639,12.164129332840021,1.0270759150696407,558
668000,-8077.787235725278,3656.0270780977326,-4421.760157627546,301.9011237780919,12.167759671983411,1.0267694795385138,558
670000,-8138.078653995588,3457.322867651025,-4680.755786344564,285.49286881940253,12.129621979548727,1.0299978257044524,558
672000,-7958.531097086903,3472.8955140989797,-4485.635582987923,286.77880006728674,12.317466825426425,1.0142900681301086,558
674000,-7922.180224469412,3570.1092238139004,-4352.071000655511,294.80634679564474,12.212140907717885,1.0230380045530294,558
676000,-7927.50801031226,3443.7387628531483,-4483.769247459111,284.3711439480069,12.06481781038717,1.03553028830621,558
678000,-7661.074239905793,3496.6944541038524,-4164.379785801941,288.74402805349104,12.192153158537087,1.0247151674603134,558
680000,-7864.369414480665,3710.095331200748,-4154.274083279917,306.36587910507154,12.117078450602866,1.0310640734467251,558
682000,-7740.3830894869025,3527.987954054387,-4212.395135432515,291.32812893682797,12.22719306408595,1.0217786044655115,558
684000,-7936.938155954704,3430.680248615261,-4506.257907339443,283.2928203910212,12.156116680676343,1.0277529077531864,558
686000,-8018.217238192854,3608.1421206522455,-4410.0751175406085,297.9469620183326,12.08898262789653,1.0334603539525455,558
688000,-7972.872676959407,3610.161490175135,-4362.711186784272,298.1137140459463,12.274064380562006,1.0178767096364272,558
690000,-8065.994162281597,3536.5742087149333,-4529.419953566663,292.0371499248269,12.01854521096848,1.0395171833401433,558
692000,-7891.344931892789,3505.9299751829303,-4385.414956709858,289.50666304849784,12.190924771402749,1.0248184202447965,558
694000,-7988.042056622129,3540.573068541571,-4447.468988080558,292.3673609024002,12.323241321108906,1.0138147862244329,558
696000,-7836.629992365837,3568.9811129318023,-4267.648879434035,294.71319159307745,12.32416475013165,1.0137388227805593,558
698000,-7884.024988643825,3627.977568381834,-4256.047420261992,299.58489954786535,12.200740233690892,1.0239939566168987,558
700000,-7833.869468036297,3263.2957261131205,-4570.573741923176,269.4708288228546,12.319036667524253,1.0141608149026582,558
702000,-7724.211775220392,3650.5516080983152,-4073.660167122077,301.4489798221731,12.148002688285688,1.0284393728032002,558
704000,-8086.68679861346,3676.8868896562503,-4409.7999089572095,303.6236494642508,12.197347908364604,1.0242787497259498,558
706000,-7757.428463204662,3811.7438907322344,-3945.6845724724276,314.759639243453,12.423968405568505,1.0055953023795892,558
708000,-7744.77258125956,3539.1607460334426,-4205.611835226117,292.2507365603937,12.22975796023734,1.021564311098571,558
710000,-7975.917783257071,3545.495751851312,-4430.422031405759,292.77385778862885,12.187537387187403,1.0251032566009897,558
712000,-7880.351431886214,3497.3943119258965,-4382.957119960318,288.80181971051286,12.141640747620794,1.0289782513949175,558
714000,-7966.914157989479,3634.4244446054417,-4332.489713384037,300.11725861829603,11.983210025160764,1.0425824331977784,558
716000,-8190.991517676928,3579.8840263885522,-4611.107491288376,295.61351365162216,11.974129335830167,1.0433730850198764,558
718000,-8066.89991437117,3668.934272460253,-4397.965641910917,302.96695190234493,12.184552662276875,1.0253543656331097,558
720000,-8020.143999999273,3698.656012881098,-4321.487987118175,305.4212627271878,12.125006821408386,1.030389875203463,558
722000,-7949.521931216645,3606.300497615408,-4343.221433601237,297.79488763471335,12.089014005539847,1.0334576715542665,558
724000,-7969.322875075086,3525.7459100702117,-4443.576965004874,291.1429892800576,11.971488221993106,1.0436032708615164,558
726000,-7895.751680465633,3481.0705432821637,-4414.68113718347,287.453863584214,12.081860473621635,1.034069570065735,558
728000,-7822.950553891118,3435.954956014827,-4386.995597876291,283.7283861178369,12.21345622761278,1.0229278291681467,558
730000,-7787.46969867406,3514.838255012853,-4272.6314436612065,290.24227567776285,12.203772789032271,1.0237395010156385,558
732000,-8004.039921308606,3465.959422931403,-4538.080498377203,286.20604344558024,12.237478817008201,1.0209197868590476,558
734000,-8008.951835406697,3545.9686804611665,-4462.98315494553,292.81291047498263,11.966153390895354,1.0440685371004852,558
736000,-7758.245287596626,3324.374923147877,-4433.87036444875,274.5145218345188,12.347563744214192,1.0118177580906442,558
738000,-7991.115731974394,3529.6239519136734,-4461.491780060721,291.4632235577557,12.181592988424324,1.0256034885933374,558
740000,-8014.992475823819,3449.3207198616165,-4565.671755962203,284.83208120523705,12.279053350692578,1.017463147095737,558
742000,-8140.484785325476,3502.7022517763894,-4637.782533549087,289.24012964957495,11.975096691598464,1.0432888006923027,558
744000,-8135.0685658767325,3481.7525198756216,-4653.316046001111,287.51017867585784,12.162842151637488,1.0271846094681185,558
746000,-7920.49341107496,3637.038421428346,-4283.454989646614,300.33311110612146,12.301982784350924,1.0155667167283637,558
748000,-7870.501809143578,3530.918143305862,-4339.583665837716,291.57009307139424,12.120916252255867,1.0307376113771034,558
750000,-8007.426867562055,3553.4829477366384,-4453.943919825417,293.43341073014335,12.000475643554411,1.04108242345065,558
752000,-7694.926089385539,3581.0280814982366,-4113.898007887303,295.7079854692263,12.241389038461016,1.0205936782418281,558
754000,-7733.352179654059,3488.455078945215,-4244.897100708844,288.06365108513546,12.345574652657847,1.0119807799195832,558
756000,-7939.338467283407,3442.2292505280807,-4497.109216755327,284.2464940322487,12.262293566774789,1.0188537892620477,558
758000,-7878.689922730206,3399.452816769054,-4479.237105961151,280.7141751661125,12.357279077928851,1.0110222636200348,558
760000,-8160.944421995431,3515.5034651791707,-4645.440956816261,290.2972062601874,12.067124392661258,1.0353323508581846,558
762000,-8084.412864678103,3646.4026537259556,-4438.010210952147,301.1063745950337,12.054582285033225,1.0364095553160586,558
764000,-8097.335258058301,3574.0843421999816,-4523.25091585832,295.1345972933225,12.1327353410559,1.0297335196355504,558
766000,-7987.984530871356,3504.1703470098837,-4483.814183861472,289.361359495891,12.311718709456203,1.0147636215856939,558
768000,-7981.770834630472,3521.263933164192,-4460.5069014662795,290.77288429019546,12.151567820425234,1.028137640358816,558
770000,-7944.46671065691,3513.6258194402917,-4430.840891216619,290.1421572557584,12.102926751225713,1.0322696751252218,558
772000,-8036.953360278043,3677.6903695216915,-4359.262990756351,303.6899978443716,12.221784952231047,1.0222307391582337,558
774000,-7949.049942468744,3447.6398262889697,-4501.410116179774,284.69327926321273,12.018167872159013,1.0395498214411045,558
776000,-7870.000506130047,3472.7617424391137,-4397.238763690933,286.7677537009496,12.118925126274128,1.0309069604255532,558
778000,-8076.694223651444,3376.176972902878,-4700.517250748566,278.7921425142815,12.047826510410804,1.036990718181094,558
780000,-8133.334410269672,3529.94870580481,-4603.385704464862,291.49004052671984,12.018063515882794,1.039558848148957,558
782000,-8148.859187417096,3461.1635510844408,-4687.695636332655,285.81001817848977,12.028035027322979,1.038697030493495,558
784000,-8000.0336870678875,3474.678488204845,-4525.3551988630425,286.92603144023053,12.045936244434428,1.0371534442849535,558
786000,-8033.949952830997,3512.2207807117425,-4521.729172119254,290.02613438118993,12.055213231832083,1.0363553116225912,558
788000,-7993.841362043226,3539.5986391200977,-4454.242722923128,292.2868961434963,12.175783555083308,1.0260928349318577,558
790000,-7929.654910685538,3467.326716812995,-4462.328193872543,286.3189494910142,12.0265379379014,1.0388263297435871,558
792000,-7801.83628188906,3505.7416604427476,-4296.094621446313,289.4911127173678,12.082957439871189,1.0339756907796664,558
794000,-7994.751946697594,3434.1711849852245,-4560.580761712369,283.5810889378937,12.173382219134842,1.0262952432327417,558
796000,-7908.158834330083,3535.712153155735,-4372.446681174348,291.9659645816876,11.86963663235956,1.0525582755829104,558
798000,-8148.420343909558,3355.211179692632,-4793.209164216926,277.0608652573402,12.0176088801106,1.0395981754930557,558
800000,-7759.595045700029,3444.978246542838,-4314.616799157191,284.47349590296466,12.144780154130798,1.0287122621402678,558
802000,-7977.810702549308,3503.7933112306428,-4474.017391318665,289.33022528298017,12.191065159277665,1.024806618808391,558
804000,-8239.171684393645,3473.6694010984947,-4765.50228329515,286.8427047785594,11.864631977938789,1.0530022582059544,558
806000,-7920.753111102866,3448.538266870737,-4472.214844232129,284.7674691462441,12.141784952016225,1.028966030523996,558
808000,-8169.268769634204,3328.6316431617115,-4840.637126472492,274.86602594768146,12.10608636961276,1.0320002587220722,558
810000,-8163.385770789071,3476.1106763921675,-4687.275094396904,287.0442962161685,12.18971472545967,1.0249201516962487,558
812000,-7933.825955645632,3434.4334712991085,-4499.392484346524,283.6027475665695,11.970835034288708,1.0436602149947236,558
814000,-8121.836223715771,3482.7881755336575,-4639.048048182113,287.5956992697509,11.95613550730571,1.0449433479503534,558
816000,-7931.015253841484,3469.129758031307,-4461.8854958101765,286.4678379314986,12.085806212440819,1.033731970043641,558
818000,-8070.84674366923,3731.749461255469,-4339.097282413761,308.15399665953964,12.039264460043361,1.0377282023346406,558
820000,-8167.590442751054,3431.4555495722307,-4736.134893178823,283.35684186164366,11.947224582773174,1.0457227265625029,558
822000,-8082.282158659276,3447.650439216358,-4634.631719442918,284.6941556392998,12.004768392879297,1.04071014589192,558
824000,-8072.574571851466,3638.4321713659874,-4434.142400485479,300.44820179430604,11.93758036016249,1.0465675529393517,558
826000,-7917.778988658596,3583.010699268055,-4334.768289390541,295.8717026737066,12.262625978071274,1.0188261705032577,558
828000,-8104.779570124199,3557.2886735214597,-4547.49089660274,293.7476734165747,12.02157264282459,1.03925539833669,558
830000,-7959.44254547928,3557.743879934731,-4401.698665544549,293.785262669822,12.141370372296455,1.0290011656393503,558
832000,-7825.7719285321655,3621.5449469663254,-4204.22698156584,299.0537175864912,12.074133503595466,1.0347313338743342,558
834000,-7941.797317894845,3454.015148713167,-4487.782169181678,285.2197296869099,12.055145810472492,1.0363611076938481,558
836000,-8208.439869930575,3278.18025067663,-4930.259619253945,270.6999375238121,12.061277992225923,1.03583420211397,558
838000,-7990.710168150559,3431.499076654033,-4559.211091496526,283.3604361662345,11.865882019855588,1.0528913269697395,558
840000,-8004.896458022573,3516.760870730142,-4488.1355872924305,290.4010381358202,12.073400462226255,1.0347941580038014,558
842000,-7968.704339116375,3397.1957713635975,-4571.508567752778,280.52779674774473,12.090637406616805,1.0333189099455462,558
844000,-8197.362027368305,3497.553716810511,-4699.808310557793,288.8149827732509,12.161303696347419,1.0273145525758454,558
846000,-8070.348314066621,3478.769404966428,-4591.578909100193,287.26384413724344,12.260666445506665,1.0189890020318415,558
848000,-8178.454763852293,3624.975468041827,-4553.479295810466,299.3369972629583,12.00556052769146,1.040641479149203,558
850000,-7882.187124998338,3474.3149491889317,-4407.872175809406,286.8960117398571,12.1823873625402,1.0255366123038017,558
852000,-8031.435325093422,3557.7586663985767,-4473.676658694845,293.7864836810334,12.221837085513796,1.02222637874631,558
854000,-7955.463068143843,3478.545014237589,-4476.9180539062545,287.24531478509294,12.10573590183645,1.0320301357026014,558
856000,-7825.748058531841,3443.2051569092555,-4382.542901622585,284.32708075299365,12.318273621155697,1.014223636345885,558
858000,-7986.721104405675,3564.831868597776,-4421.889235807899,294.3705624219817,12.124382841083127,1.0304429041302048,558
860000,-7851.867766057709,3548.6520639521796,-4303.215702105529,293.03449430742137,12.258514978620225,1.0191678427070245,558
862000,-8021.377400824058,3554.243197289551,-4467.134203534507,293.4961893117767,12.024179338326878,1.0390301004351576,558
864000,-7948.430540341389,3442.5475999966507,-4505.882940344738,284.27278214780756,12.016957191215356,1.0396545537072497,558
866000,-7862.401387731137,3374.15251744357,-4488.248870287567,278.6249705089468,11.959168519142864,1.044678335751686,558
868000,-8215.411598413542,3532.271788941359,-4683.1398094721835,291.68187209540696,11.987620548560288,1.0421988429599225,558
870000,-8108.178987565494,3617.892767088193,-4490.286220477301,298.75213415018317,11.925859890129386,1.0475960962691286,558
872000,-8110.188954575366,3550.460123761747,-4559.7288308136185,293.1837971645135,11.960430327103111,1.0445681237104887,558
874000,-7974.939040142359,3485.0426711677546,-4489.896368974604,287.78186713747925,12.200822274523325,1.0239870710714236,558
876000,-8170.980128957352,3697.2592076816804,-4473.720921275672,305.30591974684455,12.042369829870616,1.0374606030253726,558
878000,-8198.926624487343,3550.755789565146,-4648.170834922197,293.20821214733564,12.092489079506358,1.033160682090286,558
880000,-8096.734266034357,3604.8665953388813,-4491.867670695476,297.67648131566153,12.137473108276875,1.0293315712504008,558
882000,-7841.525763689991,3438.896057615085,-4402.629706074907,283.9712513535959,12.161188096915536,1.0273243178206304,558
884000,-8021.646153385649,3668.860557309079,-4352.78559607657,302.96086477921824,11.92837261796903,1.0473754187332982,558
886000,-7935.929015887043,3579.3943235736815,-4356.534692313361,295.5730758137811,12.337852264492737,1.0126141890600588,558
888000,-7845.099148892346,3695.721680047223,-4149.377468845123,305.17895643099183,12.254838999777547,1.0194735537348885,558
890000,-7762.938360654938,3727.649348459309,-4035.2890121956293,307.8154245881802,12.0952965595238,1.032920871685018,558
892000,-8008.9033891765575,3610.9307650213154,-4397.972624155242,298.1772379027436,12.248047402711435,1.0200388563801894,558
894000,-8035.278358756841,3358.412738979842,-4676.865619777,277.3252381205614,12.061350180264713,1.0358280025725881,558
896000,-7797.939743408802,3559.0716545532314,-4238.868088855571,293.8949053614341,12.393119070256663,1.0080984613095774,558
898000,-7888.975040684876,3464.806010105658,-4424.169030579218,286.11079890257383,12.207776823266949,1.0234037242342637,558
900000,-7754.070163737415,3722.683442228137,-4031.386721509278,307.40535851379343,12.123136758551667,1.0305488187072718,558
902000,-7977.082528064959,3506.765265857818,-4470.317262207141,289.575638246997,12.341538696100626,1.012311720053149,558
904000,-7834.524028210304,3454.8030990555108,-4379.720929154793,285.28479569674886,12.274880660466716,1.0178090208069765,558
906000,-8039.077414384112,3551.759378928775,-4487.318035455337,293.29108482585224,12.11514411623788,1.0312286957286092,558
908000,-7712.645997691099,3694.5380738442836,-4018.1079238468155,305.0812186311493,12.151000105977818,1.028185676618159,558
910000,-7757.292566241973,3459.2877114475687,-4298.004854794404,285.65511831524975,12.331437968966936,1.0131409083833525,558
912000,-7938.062295555894,3493.634533053763,-4444.427762502131,288.4913511493104,12.15945109437745,1.0274710732073367,558
914000,-7963.424684987913,3542.712618920388,-4420.712066067525,292.54403701828954,11.968196539167012,1.0438902991495884,558
916000,-7733.604747343023,3479.730505804565,-4253.874241538458,287.3432082712883,12.182218581096897,1.0255508208445887,558
918000,-7859.917227090802,3459.153785097569,-4400.763441993233,285.6440591751765,12.122259339577223,1.0306234106675898,558
920000,-7694.576591025747,3419.890680356452,-4274.6859106692955,282.4018579575291,12.248798485795223,1.0199763087000457,558
922000,-7727.272571018242,3735.836843041093,-3991.4357279771493,308.49151745138016,12.29020483515687,1.0165399546323068,558
924000,-7836.251019548567,3562.4293385609885,-4273.821680987578,294.1721704236395,12.418368096878424,1.0060487954687525,558
926000,-7866.34674548608,3585.348014107177,-4280.998731378903,296.0647094434817,12.217263388858354,1.0226090629220346,558
928000,-8014.923790370725,3576.645089124515,-4438.27870124621,295.34605425403794,12.13425863728514,1.0296042501651634,558
930000,-7911.260060739471,3398.9074166306427,-4512.352644108828,280.6691380503642,12.085466883853453,1.0337609945581658,558
932000,-7783.034508629877,3393.9411744052177,-4389.093334224659,280.25904423082113,12.233100887487568,1.0212851492405237,558
934000,-7875.781449387447,3488.4790820295298,-4387.302367357917,288.0656331705999,12.116264273857224,1.0311333578707762,558
936000,-7971.304632202242,3491.6668415382196,-4479.637790664023,288.3288664994155,12.199311586659926,1.0241138753447268,558
938000,-7846.380183292145,3595.908385741923,-4250.471797550223,296.9367456718631,12.213188642686088,1.0229502410112932,558
940000,-7915.457946115537,3463.4946604137817,-4451.963285701755,286.002512520338,12.421502104559766,1.0057949642793953,558
942000,-7938.123673381284,3423.5809763631064,-4514.542697018178,282.7065888820228,12.375837181653301,1.0095061919587331,558
944000,-7916.354551294993,3602.8849972103562,-4313.469554084637,297.51284830936834,12.36775443534384,1.010165938438184,558
946000,-7869.685520494837,3551.687089025311,-4317.998431469527,293.2851153943827,12.293289102314203,1.016284914604362,558
948000,-8127.276715067361,3641.611640314399,-4485.665074752962,300.71075051947645,12.07188841780776,1.034923769434652,558
950000,-8212.621904153915,3430.017823902308,-4782.604080251607,283.23811982097976,12.171550853535162,1.0264496624868027,558
952000,-7907.783686275274,3536.948694633121,-4370.834991642153,292.0680735796918,12.234101757152644,1.0212015980860902,558
954000,-7850.369663422636,3541.7044080221067,-4308.6652554005295,292.4607827106233,12.092200943920371,1.0331853004670342,558
956000,-7934.708275408644,3484.4293061174367,-4450.278969291207,287.7312177319848,12.254153255157656,1.0195306036582932,558
958000,-8035.743061579778,3552.4096485782657,-4483.333413001513,293.3447816759429,11.968799352670509,1.0438377231852036,558
960000,-7922.342388964549,3391.233247721073,-4531.109141243476,280.03543371274003,12.27918647557004,1.0174521162626236,558
962000,-8079.473115374305,3393.9612281952022,-4685.511887179103,280.2607001982423,11.923368894359625,1.0478149570179107,558
964000,-8024.400474924303,3490.914703731285,-4533.485771193018,288.2667577556073,12.296611397646421,1.0160103350052507,558
966000,-7659.5464485225675,3347.5861766384446,-4311.960271884123,276.43122085326524,12.10204966594219,1.0323444879516166,558
968000,-7977.180692459166,3606.8901386753355,-4370.290553783831,297.8435780012821,12.058587171977116,1.0360653439223513,558
970000,-7909.176116269271,3585.447496915089,-4323.728619354182,296.0729243639032,12.108803835039568,1.0317686565703044,558
972000,-7978.657286597372,3385.078035974656,-4593.579250622716,279.5271592104893,12.188314243087293,1.0250379188112835,558
974000,-7951.093298381151,3496.1961021243606,-4454.89719625679,288.7028759997913,12.054536054730383,1.0364135300461847,558
976000,-8004.707826042766,3401.269843248489,-4603.437982794278,280.86421845746617,11.995914412909416,1.041478276312746,558
978000,-7988.52409057843,3354.2476143290114,-4634.276476249419,276.9812976119435,12.209973578138106,1.023219598764869,558
980000,-7868.826458877011,3357.137969243437,-4511.688489633574,277.21997237505184,12.169794570339043,1.026597794510188,558
982000,-8073.379013875427,3560.307369144301,-4513.071644731126,293.9969460782405,12.044208785132271,1.0373021996243081,558
984000,-7900.858438769414,3549.1993550416305,-4351.659083727784,293.07968757087633,11.989454638369281,1.0420394123323857,558
986000,-8047.483079030411,3535.6709002697708,-4511.812178760641,291.9625580717341,12.038649289689166,1.0377812298471485,558
988000,-7973.939908060842,3451.8342432297404,-4522.105664831101,285.03963862023136,12.097746857519809,1.032711662154373,558
990000,-7825.047548107381,3478.6813642197076,-4346.366183887673,287.25657405969605,12.12529502664461,1.0303653839431073,558
992000,-7879.363300909288,3369.7044866041756,-4509.658814305112,278.25766865906235,12.196134716235886,1.0243806383116116,558
994000,-8075.263793774444,3452.8966336195635,-4622.36716015488,285.1273668688814,11.96619502864486,1.0440649041441352,558
996000,-7888.816924713974,3692.5343145422776,-4196.282610171696,304.91575563754066,12.009120546834042,1.0403329883174313,558
998000,-8004.843946726891,3423.8088079088493,-4581.035138818042,282.72540236404103,12.353772292220604,1.0113092559929648,558
1000000,-8073.808108809462,3501.5568409146413,-4572.251267894821,289.1455458790058,12.071389963228041,1.0349665037423088,558
